{
  "summary" : "Java course.\nCreated: Jul 12, 2021, 4:48:26 PM.",
  "title" : "Java Graphs",
  "authors" : [
    "Lorenzo Kwenda"
  ],
  "programming_language" : "JAVA",
  "language" : "en",
  "course_type" : "PyCharm",
  "items" : [
    {
      "title" : "Intro to Graphs",
      "task_list" : [
        {
          "name" : "Graphs Introduction",
          "files" : {
            "src/Main.java" : {
              "name" : "src/Main.java",
              "placeholders" : [ ],
              "is_visible" : true,
              "text" : "public class Main {\n   public static void main(String[] args) {\n      // You can write code here if you want\n   }\n}"
            }
          },
          "description_text" : "<html>\n    <h1>Introduction to Graphs</h1>\n    <p>You have probably already encountered graphs in your day-to-day life. Any network\n        can be represented by a Graph, such as a social network consisting of you and your\n        friends or a telephone network in a city. In Java, Graphs are a data structure\n        consisting of a finite set of <strong>nodes</strong> (also called vertices) and a\n        finite set of <strong>edges</strong> (also called connections or ordered pairs).\n        Let's use Facebook as a social network as an example. In this case, each person\n        would be a unique node, and friendships between people would be represented as\n        connections.</p>\n    <h2>Example Graph</h2>\n    <img src=\"https://cdncontribute.geeksforgeeks.org/wp-content/uploads/undirectedgraph.png\">\n    <p>If we look in the image above, we can see that the five unique nodes represent\n        five people, and the connections represent friendships. For example, Person Two\n        is friends with Person Three but not Person Four. It is also important to note\n        that this example would be an undirected Graph. The direction/orientation of\n        connections does not matter as friendships are \"symmetrical\" on Facebook. To add\n        some vocabulary, the \"children\" of a node are all nodes that have an edge\n        with that node. If we look at the example graph, the children of node 2 would be\n        nodes 1 and 3.</p>\n    <h2>Undirected and Directed Graphs</h2>\n    <p>This module will focus on undirected graphs. However, it is still\n        important to know what directed graphs are. Undirected graphs have edges that do\n        not have a direction between two nodes. This means that if you are at a node\n        in a graph, you can travel along any of its edges as it is undirected. Another\n        interpretation is that the weight of the edges is independent of the orientation\n        or direction you are traveling in. Directed graphs are the opposite, the\n        direction or orientation you travel on its edges matters. To give an example\n        of this, let's use the image above. In an undirected graph, each edge has one\n        weight, and it doesn't matter the direction in which you travel that edge. In a\n        directed graph, the direction matters. Let's look at the edge between node 1 and\n        node 2. If it were an undirected graph, we can say the weight of this edge\n        does not matter if you are going from node 1 to node 2 or from node 2 to node 1.\n        In a directed graph, the weights could be the same. Meaning the weight of the\n        edge going from node 1 to node 2 could have a value of 10, and the weight of the\n        edge going from node 2 to node 1 could have a value of 7.</p>\n</html>",
          "description_format" : "HTML",
          "feedback_link" : {
            "link_type" : "STEPIK"
          },
          "task_type" : "theory"
        },
        {
          "choiceOptions" : [
            {
              "text" : "66",
              "status" : "INCORRECT"
            },
            {
              "text" : "76",
              "status" : "CORRECT"
            },
            {
              "text" : "63",
              "status" : "INCORRECT"
            },
            {
              "text" : "84",
              "status" : "INCORRECT"
            }
          ],
          "isMultipleChoice" : false,
          "name" : "Intro MCQ",
          "files" : {
            "src/Main.java" : {
              "name" : "src/Main.java",
              "placeholders" : [ ],
              "is_visible" : true,
              "text" : "public class Main {\n   public static void main(String[] args) {\n      // You can write code here if you want\n   }\n}"
            }
          },
          "description_text" : "<html>\n    <h1>Multiple Choice Practice</h1>\n    <p><strong>Using what you know about graphs, try the multiple choice question below.</strong></p>\n    <p>Look at the undirected graph below. Which of the following is a possible sum of weights for a path\n    between node 3 and node 2?</p>\n    <img src='https://i.imgur.com/vjtKj0p.png'>\n</html>",
          "description_format" : "HTML",
          "feedback_link" : {
            "link_type" : "STEPIK"
          },
          "task_type" : "choice"
        },
        {
          "name" : "Output Task",
          "files" : {
            "src/Main.java" : {
              "name" : "src/Main.java",
              "placeholders" : [
                {
                  "offset" : 137,
                  "length" : 37,
                  "possible_answer" : "      Vertex one = new Vertex(\"one\");\n      Vertex two = new Vertex(\"two\");\n      Vertex three = new Vertex(\"three\");\n      Vertex four = new Vertex(\"four\");\n      Vertex five = new Vertex(\"five\");\n      Vertex six = new Vertex(\"six\");\n      Vertex seven = new Vertex(\"seven\");\n      Vertex eight = new Vertex(\"eight\");",
                  "placeholder_text" : "/* CREATE YOUR VERTEX OBJECTS HERE */"
                },
                {
                  "offset" : 225,
                  "length" : 28,
                  "possible_answer" : "      zero.addEdge(three); zero.addEdge(eight);\n      one.addEdge(seven);\n      two.addEdge(three); two.addEdge(five); two.addEdge(seven);\n      three.addEdge(four);\n      four.addEdge(eight);\n      five.addEdge(six);",
                  "placeholder_text" : "/* CREATE YOUR EDGES HERE */"
                },
                {
                  "offset" : 297,
                  "length" : 19,
                  "possible_answer" : "four",
                  "placeholder_text" : "/* VARIABLE HERE */"
                },
                {
                  "offset" : 362,
                  "length" : 19,
                  "possible_answer" : "six",
                  "placeholder_text" : "/* VARIABLE HERE */"
                },
                {
                  "offset" : 427,
                  "length" : 17,
                  "possible_answer" : "\"3\"",
                  "placeholder_text" : "/* ANSWER HERE */"
                },
                {
                  "offset" : 490,
                  "length" : 17,
                  "possible_answer" : "\"3\"",
                  "placeholder_text" : "/* ANSWER HERE */"
                },
                {
                  "offset" : 553,
                  "length" : 23,
                  "possible_answer" : "seven.getChildren()",
                  "placeholder_text" : "/* PRINT METHOD HERE */"
                }
              ],
              "is_visible" : true,
              "text" : "public class Main {\n   public static void main(String[] args) {\n      // Creating Vertex objects\n      Vertex zero = new Vertex(\"zero\");\n/* CREATE YOUR VERTEX OBJECTS HERE */\n\n      // Creating edges\n      zero.addEdge(one);\n/* CREATE YOUR EDGES HERE */\n\n      // Answers\n      System.out.println(/* VARIABLE HERE */); // FOR QUESTION 1\n      System.out.println(/* VARIABLE HERE */); // FOR QUESTION 2\n      System.out.println(/* ANSWER HERE */); // FOR QUESTION 3\n      System.out.println(/* ANSWER HERE */); // FOR QUESTION 4\n      System.out.println(/* PRINT METHOD HERE */); // FOR QUESTION 5\n\n   }\n}"
            },
            "test/output.txt" : {
              "name" : "test/output.txt",
              "placeholders" : [ ],
              "is_visible" : false,
              "text" : "Vertex: four\nChildren: three, eight\nVertex: six\nChildren: five\n3\n3\n[Vertex: one\nChildren: zero, seven, Vertex: two\nChildren: three, five, seven]\n"
            },
            "src/Vertex.java" : {
              "name" : "src/Vertex.java",
              "placeholders" : [ ],
              "is_visible" : false,
              "text" : "import java.util.ArrayList;\n\npublic class Vertex {\n\n    private final String name;\n    private ArrayList<Edge> edges = new ArrayList<>();\n\n    public Vertex(String name) {\n        this.name = name;\n    }\n\n    public void addEdge(Vertex vertex2) {\n        addEdge(vertex2, false);\n    }\n\n    private void addEdge(Vertex vertex2, boolean secondHandle) {\n        Edge connection = new Edge(this, vertex2);\n        edges.add(connection);\n\n        if (!secondHandle) vertex2.addEdge(this, true);\n    }\n\n    public ArrayList<Vertex> getChildren() {\n        ArrayList<Vertex> children = new ArrayList<>();\n        for (Edge connection: edges) {\n            Vertex[] vertices = connection.getVertices();\n            Vertex toAdd = this.equals(vertices[0]) ? vertices[1]:vertices[0];\n            children.add(toAdd);\n        }\n\n        return children;\n    }\n\n    public String getName() {\n        return name;\n    }\n\n    public ArrayList<Edge> getEdges() {\n        return edges;\n    }\n\n    public String toString() {\n        String out = \"Vertex: \" + name + \"\\nChildren: \";\n        for (int i = 0; i < getChildren().size(); i++) {\n            Vertex vertex = getChildren().get(i);\n            if (i == getChildren().size()-1) out += vertex.getName();\n            else out += vertex.getName() + \", \";\n        }\n        return out;\n    }\n}\n"
            },
            "src/Edge.java" : {
              "name" : "src/Edge.java",
              "placeholders" : [ ],
              "is_visible" : false,
              "text" : "public class Edge {\n\n    private final Vertex vertex1, vertex2;\n\n    public Edge(Vertex vertex1, Vertex vertex2) {\n        this.vertex1 = vertex1;\n        this.vertex2 = vertex2;\n    }\n\n    public Vertex[] getVertices() {\n        Vertex[] vertices = new Vertex[2];\n        vertices[0] = vertex1;\n        vertices[1] = vertex2;\n        return vertices;\n    }\n\n    public String toString() {\n        String out = \"Edge from \" + vertex1.getName() + \" to \" + vertex2.getName();\n        return out;\n    }\n}\n"
            }
          },
          "description_text" : "<html>\n    <h1>Graph Exercise</h1>\n    <h3>In this task you will be assessed with your output in Main.Java</h3>\n    <p>There is a <strong>Vertex (node)</strong> class for you to use in this task.\n        The <strong>Vertex</strong> class has one parameter in its constructor, the name of the vertex\n        (String object). The\n        constructor can be seen here: <code>public Vertex(String name)</code>. There is also a hidden\n        <strong>Edge</strong> class that you will not be using in this task.</p>\n    <p>Your task is to recreate the graph shown below, using the <strong>Vertex</strong> class.\n        The <strong>Vertex</strong> class has the method <strong>addEdge</strong> which allows you\n        to create an edge between two vertices. Here is the method header: <code>public void addEdge(Vertex vertex2)\n        </code>. You do not need to create an edge twice. Ff you create an edge off of one vertex connecting to another, the other vertex will also be aware of that edge. After you have recreated the graph, output your answers to the following questions using\n        <code>System.out.println(/*ANSWER HERE*/);</code> for each question. Make sure the name for vertex 0 is \"zero\",\n        and for vertex 1 its \"one\" and so on</p>\n    <img src='http://www.cs.emory.edu/~cheung/Courses/253/Syllabus/Graph/FIGS/Graphs/graph20.gif'>\n    <p>The first Vertex and Edge are already created for you.</p>\n    <ol>\n        <li>Print the variable for vertex 4</li>\n        <li>Print the variable for vertex 6</li>\n        <li>How many children does vertex 2 have?</li>\n        <li>How many edges does vertex 0 have?</li>\n        <li>Print out what the method <code>ArrayList&lt;Vertex&gt; getChildren()</code> of the <strong>Vertex</strong>\n            class returns for the vertex 7 object</li>\n    </ol>\n</html>",
          "description_format" : "HTML",
          "feedback_link" : {
            "link_type" : "STEPIK"
          },
          "task_type" : "output"
        }
      ],
      "type" : "lesson"
    },
    {
      "title" : "Graph Representations",
      "task_list" : [
        {
          "choiceOptions" : [
            {
              "text" : "A",
              "status" : "INCORRECT"
            },
            {
              "text" : "B",
              "status" : "INCORRECT"
            },
            {
              "text" : "C",
              "status" : "CORRECT"
            }
          ],
          "isMultipleChoice" : false,
          "name" : "Adjacency Matrix",
          "files" : {
            "src/Main.java" : {
              "name" : "src/Main.java",
              "placeholders" : [ ],
              "is_visible" : true,
              "text" : "public class Main {\n   public static void main(String[] args) {\n      // You can write code here if you want\n   }\n}"
            }
          },
          "description_text" : "<html>\n    <h2>Adjacency Matrix</h2>\n    <p>In the previous lesson, you created a graph using a Vertex and an Edge class. However,\n    there are many ways to create graphs, and this lesson will go over two of them. The\n    first way is with an adjacency matrix. An adjacency matrix is a 2D square array used\n    to represent a finite undirected or directed graph. If the graph is undirected, the\n    adjacency matrix is symmetric across the diagonal. The way an adjacency matrix works is\n    the number of nodes in the graph is the length/width of the matrix, so if your graph\n    has five nodes, the length/width of the adjacency matrix would be five. Then each value\n    in the matrix represents an edge or the weight of an edge between two nodes. For\n    example, let's say the value in the cell [3][1] (row 3, column 1) is 20. This means there\n    is a connection from node 4 to node 2 that has a weight of 20. It is nodes 4 and 2\n    because indices in Java start at 0, so index 0 will be node 1. In an undirected graph,\n    each weight would be 1, representing a connection between two nodes.</p>\n    <h3>Example</h3>\n    <p>Below is an example of an undirected adjacency matrix. We can see there is an edge\n    between nodes 4 and 5 because the value of cell [3][4] is 1.</p>\n    <img src='https://lh3.googleusercontent.com/proxy/mxgcYlctiQekoofQjErtxwLatS6LW7R8WF7Bq3-Edgsy3ykD0aXMftnMBZi-i8dWoOTpSaY5jnT5f2bamMfFmikvOD-aB54GGYmlJyxfNZLuK6rUuC02mYf_8pHfKYq6ZekQ8qG5-IGg3a94wNA'\n         style=\"height:50%;\">\n    <h3>Practice</h3>\n    <p>Now try to solve this multiple choice question. Which of the following adjacency\n    matrices creates the graph shown below? A, B, or C?</p>\n    <img src=\"https://i.imgur.com/Pe27Ktj.png\">\n    <img src=\"https://i.imgur.com/PEPQubO.png\">\n</html>",
          "description_format" : "HTML",
          "feedback_link" : {
            "link_type" : "STEPIK"
          },
          "task_type" : "choice"
        },
        {
          "choiceOptions" : [
            {
              "text" : "Adjacency List",
              "status" : "CORRECT"
            },
            {
              "text" : "Adjacency Matrix",
              "status" : "INCORRECT"
            }
          ],
          "isMultipleChoice" : false,
          "name" : "Adjacency List",
          "files" : {
            "src/Main.java" : {
              "name" : "src/Main.java",
              "placeholders" : [ ],
              "is_visible" : true,
              "text" : "public class Main {\n   public static void main(String[] args) {\n      // You can write code here if you want\n   }\n}"
            }
          },
          "description_text" : "<html>\n<h2>Adjacency List</h2>\n<p>Another way to represent graphs in Java is with an adjacency list. It is quite similar\nto an adjacency matrix. However, it is an array of lists (not an array list!) instead of\na 2D array. The size of the array is the number of nodes in the graph. Let the array be\narray[], a list at array[i] represents the nodes with an edge with the ith node. In\norder to represent a weighted graph, you would need a list of pairs for each node. Each\npair would then have the node that it connects to and the weight of the edge.</p>\n<h3>Example</h3>\n<p>Take a look at the image below. In the adjacency list, you can see the array of lists,\nwhere the first list is for node 1, the second list is for node 2, and so on. Then each value\nin those lists represents nodes that connect to the node for the list. For example, the\nnodes in the 3rd node's list are 1, 2, and 4, meaning that node 3 connects to nodes 1, 2,\nand 4.</p>\n<img src=\"https://miro.medium.com/max/1400/0*J7ZaHRxtBYCkaiQZ.png\">\n<p>For a directed graph, you need to adjust the list to a list of pairs. The first value\nin the pair is the node to connect to, and the second value in the pair is the weight of the\nedge. In the image below, we can see the pair {3,3} in the 2nd node's list. This means there\nis an edge going from the 2nd node to the 3rd node that has a weight of 3.</p>\n<img src=\"https://www.educative.io/api/edpresso/shot/6738347923865600/image/4587527119831040\">\n<p>If you're interested in learning more about adjacency matrices or lists, <a href=\"https://www.geeksforgeeks.org/graph-and-its-representations/\" target=\"_blank\">this link</a>\ngoes into them as well as how to implement them in Java.</p>\n<h3>Multiple Choice Question</h3>\n<p>Which is better, an adjacency matrix or an adjacency list?</p>\n</html>",
          "description_format" : "HTML",
          "feedback_link" : {
            "link_type" : "STEPIK"
          },
          "task_type" : "choice"
        }
      ],
      "type" : "lesson"
    },
    {
      "title" : "Searching Methods",
      "task_list" : [
        {
          "name" : "Searching Methods",
          "files" : {
            "src/Main.java" : {
              "name" : "src/Main.java",
              "placeholders" : [ ],
              "is_visible" : true,
              "text" : "public class Main {\n   public static void main(String[] args) {\n      // You can write code here if you want\n   }\n}"
            }
          },
          "description_text" : "<html>\n    <h2>Search Methods</h2>\n    <p>Now that we have a graph, what can we do with it? One real-world problem that\n        networks face is finding out the shortest path between two nodes or if a path\n        exists connecting two nodes. There are many ways to solve these two questions,\n        but we will go over three main algorithms.</p>\n    <h3>Depth-First Search (DFS)</h3>\n    <p>This algorithm is for finding if there exists a path between two nodes in a graph.\n        It is also the simplest of the three which you will learn. The algorithm works by\n        starting at the root node (one of the two nodes you are given) and explores as far\n        as possible along each connection before backtracking. </p>\n    <img src=\"https://upload.wikimedia.org/wikipedia/commons/thumb/1/1f/Depth-first-tree.svg/780px-Depth-first-tree.svg.png\"\n         style=\"height:20%;\">\n    <p>If you were to take the image above and use DFS to find if a connection exists\n        between nodes 1 and 7, the algorithm would check the following nodes in this\n        order: 1, 2, 3, 4, 5, 6, 7, and find that a connection does exist. Below is another\n        animated example of DFS.</p>\n    <img src=\"https://upload.wikimedia.org/wikipedia/commons/thumb/7/7f/Depth-First-Search.gif/220px-Depth-First-Search.gif\">\n    <h3>Breadth First Search (BFS)</h3>\n    <p>This algorithm is also for finding if there exists a path between two nodes in a graph.\n        The algorithm works by starting at the root node (one of the two nodes you are given)\n        and exploring all of the root node's children. If any of those children are the desired\n        node, then the algorithm stops. If not, the algorithm continues by checking the children\n        of those children, and so on.</p>\n    <img src=\"https://upload.wikimedia.org/wikipedia/commons/thumb/1/1f/Depth-first-tree.svg/780px-Depth-first-tree.svg.png\"\n         style=\"height:20%;\">\n    <p>If you were to take the image above and use BFS to find if a connection exists\n        between nodes 1 and 9, the algorithm would check the following nodes in this\n        order: 1, 2, 7, 8, 3, 6, 9, 12, and find that a connection does exist. Below is another\n        animated example of BFS (gray represents children found, black represents searched\n        nodes).</p>\n    <img src=\"https://upload.wikimedia.org/wikipedia/commons/4/46/Animated_BFS.gif\">\n    <h3>Dijkstra's Algorithm</h3>\n    <p>Before you read about this algorithm, just know you will not be expected to create it.\n    Dijkstra's Algorithm finds the shortest path between two nodes in a directed/weighted\n    graph, however it will also work for finding paths in undirected graphs. A brief description for\n    how the algorithm works is that it creates a tree of shortest paths from the starting vertex\n    to all other points in the graph. If you are interested in learning more about Dijkstra's Algorithm,\n    <a href='https://brilliant.org/wiki/dijkstras-short-path-finder/' target='_blank'>this link</a>\n        goes over what it is, how to implement it, and examples of using it. I'd recommend checking\n    it out!</p>\n</html>",
          "description_format" : "HTML",
          "feedback_link" : {
            "link_type" : "STEPIK"
          },
          "task_type" : "theory"
        },
        {
          "name" : "DFS",
          "files" : {
            "src/Task.java" : {
              "name" : "src/Task.java",
              "placeholders" : [
                {
                  "offset" : 430,
                  "length" : 32,
                  "possible_answer" : "\n      if (start.equals(end)) return true;\n      visited.add(start);\n      ArrayList<Vertex> children = start.getChildren();\n      for (Vertex child : children) {\n          if (visited.contains(child)) continue;\n          if (depthFirstSearch(child, end, visited)) return true;\n      }",
                  "placeholder_text" : "/* Write your DFS method here */"
                }
              ],
              "is_visible" : true,
              "text" : "import java.util.ArrayList;\n\npublic class Task {\n    public static Vertex one, two, three, four, five, six, seven, eight, nine, ten, eleven;\n\n  public static void main(String[] args) {\n  }\n\n  public static boolean depthFirstSearch(Vertex start, Vertex end) {\n      return (depthFirstSearch(start, end, new ArrayList<Vertex>()));\n  }\n\n  private static boolean depthFirstSearch(Vertex start, Vertex end, ArrayList<Vertex> visited) {/* Write your DFS method here */\n      return false;\n  }\n\n  // Graph created here\n  public static void createGraph() {\n      one = new Vertex(\"one\");\n      two = new Vertex(\"two\");\n      three = new Vertex(\"three\");\n      four = new Vertex(\"four\");\n      five = new Vertex(\"five\");\n      six = new Vertex(\"six\");\n      seven = new Vertex(\"seven\");\n      eight = new Vertex(\"eight\");\n      nine = new Vertex(\"nine\");\n      ten = new Vertex(\"ten\");\n      eleven = new Vertex(\"eleven\");\n\n      one.addEdge(two); one.addEdge(three); one.addEdge(four);\n      two.addEdge(six); two.addEdge(seven); two.addEdge(five);\n      three.addEdge(four); three.addEdge(five);\n      four.addEdge(five);\n      five.addEdge(seven);\n\n      eight.addEdge(nine); eight.addEdge(ten);\n      ten.addEdge(eleven);\n  }\n}"
            },
            "test/Tests.java" : {
              "name" : "test/Tests.java",
              "placeholders" : [ ],
              "is_visible" : false,
              "text" : "import org.junit.Assert;\nimport org.junit.Before;\nimport org.junit.Test;\n\npublic class Tests {\n  private static String msg1 = \"There is \",\n  msg2 = \"a path between nodes \",\n  msg3 = \", so the DFS method should return \";\n\n  @Before\n  public void start() {\n    Task.createGraph();\n  }\n\n  @Test\n  public void testPathOnetoTwo() {\n    String msg = msg1 + msg2 + \"one and two\" + msg3 + \"true\";\n    Assert.assertTrue(msg, Task.depthFirstSearch(Task.one, Task.two));\n  }\n\n  @Test\n  public void testPathOnetoSeven() {\n    String msg = msg1 + msg2 + \"one and seven\" + msg3 + \"true\";\n    Assert.assertTrue(msg, Task.depthFirstSearch(Task.one, Task.seven));\n  }\n\n  @Test\n  public void testPathFivetoSix() {\n    String msg = msg1 + msg2 + \"five and six\" + msg3 + \"true\";\n    Assert.assertTrue(msg, Task.depthFirstSearch(Task.five, Task.six));\n  }\n\n  @Test\n  public void testPathEleventoFour() {\n    String msg = msg1 + \"not \" + msg2 + \"eleven and four\" + msg3 + \"true\";\n    Assert.assertFalse(msg, Task.depthFirstSearch(Task.eleven, Task.four));\n  }\n\n  @Test\n  public void testPathNinetoTen() {\n    String msg = msg1 + msg2 + \"nine and ten\" + msg3 + \"true\";\n    Assert.assertTrue(msg, Task.depthFirstSearch(Task.nine, Task.ten));\n  }\n}"
            },
            "src/Vertex.java" : {
              "name" : "src/Vertex.java",
              "placeholders" : [ ],
              "is_visible" : true,
              "text" : "import java.util.ArrayList;\n\npublic class Vertex {\n\n    private String name;\n    private ArrayList<Edge> edges = new ArrayList<>();\n\n    public Vertex(String name) {\n        this.name = name;\n    }\n\n    public void addEdge(Vertex vertex2) {\n        addEdge(vertex2, false);\n    }\n\n    private void addEdge(Vertex vertex2, boolean secondHandle) {\n        Edge connection = new Edge(this, vertex2);\n        edges.add(connection);\n\n        if (secondHandle == false) vertex2.addEdge(this, true);\n    }\n\n    public ArrayList<Vertex> getChildren() {\n        ArrayList<Vertex> children = new ArrayList<>();\n        for (Edge connection: edges) {\n            Vertex[] verticies = connection.getVerticies();\n            Vertex toAdd = this.equals(verticies[0]) ? verticies[1]:verticies[0];\n            children.add(toAdd);\n        }\n\n        return children;\n    }\n\n    public String getName() {\n        return name;\n    }\n\n    public ArrayList<Edge> getEdges() {\n        return edges;\n    }\n\n    public String toString() {\n        String out = \"Vertex: \" + name + \"\\nChildren: \";\n        for (int i = 0; i < getChildren().size(); i++) {\n            Vertex vertex = getChildren().get(i);\n            if (i == getChildren().size()-1) out += vertex.getName();\n            else out += vertex.getName() + \", \";\n        }\n        return out;\n    }\n}"
            },
            "src/Edge.java" : {
              "name" : "src/Edge.java",
              "placeholders" : [ ],
              "is_visible" : true,
              "text" : "public class Edge {\n\n    private Vertex vertex1, vertex2;\n\n    public Edge(Vertex vertex1, Vertex vertex2) {\n        this.vertex1 = vertex1;\n        this.vertex2 = vertex2;\n    }\n\n    public Vertex[] getVerticies() {\n        Vertex[] verticies = new Vertex[2];\n        verticies[0] = vertex1;\n        verticies[1] = vertex2;\n        return verticies;\n    }\n\n    public String toString() {\n        String out = \"Edge from \" + vertex1.getName() + \" to \" + vertex2.getName();\n        return out;\n    }\n}\n"
            }
          },
          "description_text" : "<html>\n    <h1>DFS Practice</h1>\n    <p>In this task, you will create a DFS method. The method will return true or false,\n    depending on if there is a path between the two parameter vertices <code>start</code>\n    and <code>end</code>. You can also see the Vertex and Edge classes for this part. The graph (although the DFS method you create should work with\n    any graph) you will work with is shown in the image below and already made in <code>Task.java</code></p>\n    <img src='https://i.imgur.com/iiS0jjI.jpg'>\n    <h3>Algorithm (Strongly suggested you view)</h3>\n    <div class=\"hint\">Since this is your first time writing a searching method, I will help by providing\n    one algorithm for creating a DFS method. You can choose to create the method in a different\n    way if you want. The algorithm starts at the root vertex. Now, get all of its children, then\n    one by one, check those children. If a child is the desired end node, you can return true\n    as there is a possible path. If not, then get all of those child's children, and then one by one,\n    check those children and repeat the process. One important thing to note is that you\n    have to remember which vertices you have already visited. Since if you have visited that vertex\n    before, that also means you have checked it and checked (or are in the process of checking) its\n    children. This will avoid an infinite loop. To implement this algorithm, it is best to use\n    a recursive method. Write your code in the method\n    <code>private static boolean depthFirstSearch(Vertex start, Vertex end, ArrayList&lt;Vertex&gt; visited)</code>.\n        I've also included the same animated gif from before, which might help you.\n    <img src=\"https://upload.wikimedia.org/wikipedia/commons/thumb/7/7f/Depth-First-Search.gif/220px-Depth-First-Search.gif\">\n    </div>\n</html>",
          "description_format" : "HTML",
          "feedback_link" : {
            "link_type" : "STEPIK"
          },
          "task_type" : "edu"
        },
        {
          "name" : "BFS",
          "files" : {
            "src/Task.java" : {
              "name" : "src/Task.java",
              "placeholders" : [
                {
                  "offset" : 507,
                  "length" : 24,
                  "possible_answer" : "if (start.equals(end)) return true;\n        visited.add(start);\n\n        ArrayList<Vertex> children = start.getChildren();\n        for (Vertex child: children) {\n            queue.add(child);\n        }\n\n        for (int i = 0; i < queue.size(); ) {\n            Vertex childInQueue = queue.get(i);\n            queue.remove(i);\n            if (visited.contains(childInQueue)) continue;\n            if (breadthFirstSearch(childInQueue, end, queue, visited)) return true;\n        }",
                  "placeholder_text" : "/* Put your code here */"
                },
                {
                  "offset" : 633,
                  "length" : 27,
                  "possible_answer" : "one = new Vertex(\"one\");\n        two = new Vertex(\"two\");\n        three = new Vertex(\"three\");\n        four = new Vertex(\"four\");\n        five = new Vertex(\"five\");\n        six = new Vertex(\"six\");\n        seven = new Vertex(\"seven\");\n        eight = new Vertex(\"eight\");\n        nine = new Vertex(\"nine\");\n        ten = new Vertex(\"ten\");\n        eleven = new Vertex(\"eleven\");\n\n        one.addEdge(two); one.addEdge(three);\n        two.addEdge(five); two.addEdge(seven);\n        eight.addEdge(seven);\n        three.addEdge(five); three.addEdge(eight);\n        four.addEdge(five); four.addEdge(six);\n        five.addEdge(six);\n\n        nine.addEdge(ten); nine.addEdge(eleven);",
                  "placeholder_text" : "/* Create the graph here */"
                }
              ],
              "is_visible" : true,
              "text" : "import java.util.ArrayList;\n\npublic class Task {\n    public static Vertex one, two, three, four, five, six, seven, eight, nine, ten, eleven;\n\n    public static void main(String[] args) {\n    }\n\n    public static boolean breadthFirstSearch(Vertex start, Vertex end) {\n        return (breadthFirstSearch(start, end, new ArrayList<Vertex>(), new ArrayList<Vertex>()));\n    }\n\n    private static boolean breadthFirstSearch(Vertex start, Vertex end, ArrayList<Vertex> queue, ArrayList<Vertex> visited) {\n        /* Put your code here */\n        return false;\n    }\n\n    // Create graph here\n    public static void createGraph() {\n        /* Create the graph here */\n    }\n\n}"
            },
            "test/Tests.java" : {
              "name" : "test/Tests.java",
              "placeholders" : [ ],
              "is_visible" : false,
              "text" : "import org.junit.Assert;\nimport org.junit.Before;\nimport org.junit.Test;\n\npublic class Tests {\n  private static String msg1 = \"There is \",\n          msg2 = \"a path between nodes \",\n          msg3 = \", so the BFS method should return \";\n\n  @Before\n  public void start() {\n    Task.createGraph();\n  }\n\n  @Test\n  public void testPathOnetoTwo() {\n    String msg = msg1 + msg2 + \"one and two\" + msg3 + \"true\";\n    Assert.assertTrue(msg, Task.breadthFirstSearch(Task.one, Task.two));\n  }\n\n  @Test\n  public void testPathOnetoSeven() {\n    String msg = msg1 + msg2 + \"one and seven\" + msg3 + \"true\";\n    Assert.assertTrue(msg, Task.breadthFirstSearch(Task.one, Task.seven));\n  }\n\n  @Test\n  public void testPathFivetoSix() {\n    String msg = msg1 + msg2 + \"five and six\" + msg3 + \"true\";\n    Assert.assertTrue(msg, Task.breadthFirstSearch(Task.five, Task.six));\n  }\n\n  @Test\n  public void testPathEleventoFour() {\n    String msg = msg1 + \"not \" + msg2 + \"eleven and four\" + msg3 + \"true\";\n    Assert.assertFalse(msg, Task.breadthFirstSearch(Task.eleven, Task.four));\n  }\n\n  @Test\n  public void testPathNinetoTen() {\n    String msg = msg1 + msg2 + \"nine and ten\" + msg3 + \"true\";\n    Assert.assertTrue(msg, Task.breadthFirstSearch(Task.nine, Task.ten));\n  }\n}"
            },
            "src/Edge.java" : {
              "name" : "src/Edge.java",
              "placeholders" : [ ],
              "is_visible" : true,
              "text" : "public class Edge {\n\n    private Vertex vertex1, vertex2;\n\n    public Edge(Vertex vertex1, Vertex vertex2) {\n        this.vertex1 = vertex1;\n        this.vertex2 = vertex2;\n    }\n\n    public Vertex[] getVerticies() {\n        Vertex[] verticies = new Vertex[2];\n        verticies[0] = vertex1;\n        verticies[1] = vertex2;\n        return verticies;\n    }\n\n    public String toString() {\n        String out = \"Edge from \" + vertex1.getName() + \" to \" + vertex2.getName();\n        return out;\n    }\n}\n"
            },
            "src/Vertex.java" : {
              "name" : "src/Vertex.java",
              "placeholders" : [ ],
              "is_visible" : true,
              "text" : "import java.util.ArrayList;\n\npublic class Vertex {\n\n    private String name;\n    private ArrayList<Edge> edges = new ArrayList<>();\n\n    public Vertex(String name) {\n        this.name = name;\n    }\n\n    public void addEdge(Vertex vertex2) {\n        addEdge(vertex2, false);\n    }\n\n    private void addEdge(Vertex vertex2, boolean secondHandle) {\n        Edge connection = new Edge(this, vertex2);\n        edges.add(connection);\n\n        if (secondHandle == false) vertex2.addEdge(this, true);\n    }\n\n    public ArrayList<Vertex> getChildren() {\n        ArrayList<Vertex> children = new ArrayList<>();\n        for (Edge connection: edges) {\n            Vertex[] verticies = connection.getVerticies();\n            Vertex toAdd = this.equals(verticies[0]) ? verticies[1]:verticies[0];\n            children.add(toAdd);\n        }\n\n        return children;\n    }\n\n    public String getName() {\n        return name;\n    }\n\n    public ArrayList<Edge> getEdges() {\n        return edges;\n    }\n\n    public String toString() {\n        String out = \"Vertex: \" + name + \"\\nChildren: \";\n        for (int i = 0; i < getChildren().size(); i++) {\n            Vertex vertex = getChildren().get(i);\n            if (i == getChildren().size()-1) out += vertex.getName();\n            else out += vertex.getName() + \", \";\n        }\n        return out;\n    }\n}"
            }
          },
          "description_text" : "<html>\n<h1>BFS Practice</h1>\n<p>For this task, you will not be given an algorithm for help. Try to use what you learned\nwhen you created the DFS method. The only hint given is in the parameters for the BFS method (but again, you can change the parameters if you want). You will also have to create the graph shown below, using <code>Vertex</code>\n    objects and the <code>addEdge</code> method of the Vertex class.</p>\n<img src='https://i.imgur.com/hjJbRNN.jpg'>\n<div class=\"hint\">Here is the same animated gif of BFS to help you. (Extra hint, black represents the node you are currently\nsearching, and gray represents the nodes in the queue of nodes you will search next).</div>\n<img src=\"https://upload.wikimedia.org/wikipedia/commons/4/46/Animated_BFS.gif\">\n</html>",
          "description_format" : "HTML",
          "feedback_link" : {
            "link_type" : "STEPIK"
          },
          "task_type" : "edu"
        }
      ],
      "type" : "lesson"
    },
    {
      "title" : "Directed Graphs",
      "task_list" : [
        {
          "name" : "What are Directed Graphs",
          "files" : {
            "src/Main.java" : {
              "name" : "src/Main.java",
              "placeholders" : [ ],
              "is_visible" : true,
              "text" : "public class Main {\n   public static void main(String[] args) {\n      // You can write code here if you want\n   }\n}"
            }
          },
          "description_text" : "<html>\n<h2>Directed Graphs</h2>\n<p>Before we went over that directed graphs are graphs where connections between nodes have weight and may not be symmetric.\n    Look at the graph below, for example. We can see that\n    each edge has two things that undirected graphs do not have, direction and weight.\n    Another thing to clarify, in the image, node 6 has two children, which are nodes 9 and 7.\n    Nodes 5 and 1 are not children of node 6 because there is no edge/connection starting from\n    node 6 going to nodes 5 or 1.</p>\n<img src=\"https://www.researchgate.net/profile/John-Lee-156/publication/220863116/figure/fig1/AS:669516962988037@1536636691241/An-example-of-a-directed-graph-with-9-nodes.png\">\n</html>",
          "description_format" : "HTML",
          "feedback_link" : {
            "link_type" : "STEPIK"
          },
          "task_type" : "theory"
        },
        {
          "name" : "Directed Practice",
          "files" : {
            "src/Task.java" : {
              "name" : "src/Task.java",
              "placeholders" : [ ],
              "is_visible" : true,
              "text" : "public class Task {\n  // You can write code here if you want\n}"
            },
            "test/Tests.java" : {
              "name" : "test/Tests.java",
              "placeholders" : [ ],
              "is_visible" : false,
              "text" : "import org.junit.Assert;\nimport org.junit.Before;\nimport org.junit.Test;\n\npublic class Tests {\n\n  @Before\n  public void Start() {\n    ForTesting.createGraph();\n  }\n\n  @Test\n  public void testOne() {\n    String actual = \"Vertex: four\\n\" +\n            \"Children: one, five\";\n    String msg = \"Check your Vertex toString method\";\n    Assert.assertEquals(msg, ForTesting.testOne(), actual);\n  }\n\n  @Test\n  public void testTwo() {\n    String actual = \"Vertex: three\\n\" +\n            \"Children: \";\n    String msg = \"Check your Vertex toString method\";\n    Assert.assertEquals(msg, ForTesting.testTwo(), actual);\n  }\n\n  @Test\n  public void testThree() {\n    String actual = \"[Edge from five to three with a weight of 1]\";\n    String msg = \"Check your Vertex getEdges method\";\n    Assert.assertEquals(msg, ForTesting.testThree(), actual);\n  }\n\n  @Test\n  public void testFour() {\n    String actual = \"[Edge from four to one with a weight of 6, Edge from four to five with a weight of 7]\";\n    String msg = \"Check your Vertex getEdges method\";\n    Assert.assertEquals(msg, ForTesting.testFour(), actual);\n  }\n}"
            },
            "src/Vertex.java" : {
              "name" : "src/Vertex.java",
              "placeholders" : [
                {
                  "offset" : 231,
                  "length" : 46,
                  "possible_answer" : "Vertex vertex2, int weight",
                  "placeholder_text" : "/* What parameters do you need for an edge? */"
                },
                {
                  "offset" : 307,
                  "length" : 10,
                  "possible_answer" : "new Edge(this, vertex2, weight);",
                  "placeholder_text" : "/* TODO */"
                },
                {
                  "offset" : 473,
                  "length" : 10,
                  "possible_answer" : "for (Edge connection: edges) {\n            Vertex toAdd = connection.getVerticies()[1];\n            children.add(toAdd);\n        }",
                  "placeholder_text" : "/* TODO */"
                }
              ],
              "is_visible" : true,
              "text" : "import java.util.ArrayList;\n\npublic class Vertex {\n\n    private String name;\n    private ArrayList<Edge> edges = new ArrayList<>();\n\n    public Vertex(String name) {\n        this.name = name;\n    }\n\n    public void addEdgeDirected(/* What parameters do you need for an edge? */) {\n        Edge connection = /* TODO */\n        edges.add(connection);\n    }\n\n    public ArrayList<Vertex> getChildrenDirected() {\n        ArrayList<Vertex> children = new ArrayList<>();\n        /* TODO */\n\n        return children;\n    }\n\n    public String getName() {\n        return name;\n    }\n\n    public ArrayList<Edge> getEdges() {\n        return edges;\n    }\n\n    public String toString() {\n        String out = \"Vertex: \" + name + \"\\nChildren: \";\n        for (int i = 0; i < getChildrenDirected().size(); i++) {\n            Vertex vertex = getChildrenDirected().get(i);\n            if (i == getChildrenDirected().size()-1) out += vertex.getName();\n            else out += vertex.getName() + \", \";\n        }\n        return out;\n    }\n}"
            },
            "src/Edge.java" : {
              "name" : "src/Edge.java",
              "placeholders" : [
                {
                  "offset" : 62,
                  "length" : 37,
                  "possible_answer" : "private int weight",
                  "placeholder_text" : "/* You need another field (int)... */"
                },
                {
                  "offset" : 122,
                  "length" : 46,
                  "possible_answer" : "Vertex vertex1, Vertex vertex2, int weight",
                  "placeholder_text" : "/* What parameters do you need for an edge? */"
                },
                {
                  "offset" : 180,
                  "length" : 10,
                  "possible_answer" : "this.vertex1 = vertex1;\n        this.vertex2 = vertex2;\n        this.weight = weight;",
                  "placeholder_text" : "/* TODO */"
                },
                {
                  "offset" : 423,
                  "length" : 10,
                  "possible_answer" : "return this.weight;",
                  "placeholder_text" : "/* TODO */"
                }
              ],
              "is_visible" : true,
              "text" : "public class Edge {\n\n    private Vertex vertex1, vertex2;\n    /* You need another field (int)... */;\n    \n    public Edge(/* What parameters do you need for an edge? */) {\n        /* TODO */\n    }\n\n    public Vertex[] getVerticies() {\n        Vertex[] verticies = new Vertex[2];\n        verticies[0] = this.vertex1;\n        verticies[1] = this.vertex2;\n        return verticies;\n    }\n\n    public int getWeight() {\n        /* TODO */\n    }\n\n    public String toString() {\n        String out = \"Edge from \" + vertex1.getName() + \" to \" + vertex2.getName() + \" with a weight of \" + weight;\n        return out;\n    }\n}\n"
            },
            "src/ForTesting.java" : {
              "name" : "src/ForTesting.java",
              "placeholders" : [ ],
              "is_visible" : false,
              "text" : "import java.util.ArrayList;\n\npublic class ForTesting {\n    static Vertex one, two, three, four, five;\n    public static void main(String[] args) {\n    }\n\n    public static void createGraph() {\n        one = new Vertex(\"one\");\n        two = new Vertex(\"two\");\n        three = new Vertex(\"three\");\n        four = new Vertex(\"four\");\n        five = new Vertex(\"five\");\n\n        one.addEdgeDirected(two, 5);\n        two.addEdgeDirected(four, 10);\n        four.addEdgeDirected(one, 6);\n        four.addEdgeDirected(five, 7);\n        five.addEdgeDirected(three, 1);\n    }\n\n    public static String testOne() {\n        return four.toString();\n    }\n    public static String testTwo() {\n        return three.toString();\n    }\n    public static String testThree() {\n        return five.getEdges().toString();\n    }\n    public static String testFour() {\n        return four.getEdges().toString();\n    }\n}\n"
            }
          },
          "description_text" : "<html>\n<h2>Directed Graphs Practice</h2>\n<p>In this task, try to change the <strong>Vertex</strong> and <strong>Edge</strong>\nclass such that we can create directed graphs. Each part of the class you need to modify\nwill have a comment written.</p>\n</html>",
          "description_format" : "HTML",
          "feedback_link" : {
            "link_type" : "STEPIK"
          },
          "task_type" : "edu"
        }
      ],
      "type" : "lesson"
    },
    {
      "title" : "Practice",
      "task_list" : [
        {
          "name" : "Continued Learning",
          "files" : {
            "src/Main.java" : {
              "name" : "src/Main.java",
              "placeholders" : [ ],
              "is_visible" : true,
              "text" : "public class Main {\n   public static void main(String[] args) {\n      // Write your solution here\n   }\n}"
            }
          },
          "description_text" : "<html>\n<h2>Practice</h2>\n<p>Congratulations for making it through this course! The rest of these tasks are\noptional, but I'd recommend you complete them to test your knowledge on Graphs.</p>\n</html>",
          "description_format" : "HTML",
          "feedback_link" : {
            "link_type" : "STEPIK"
          },
          "task_type" : "theory"
        },
        {
          "name" : "Cycle Detection",
          "files" : {
            "src/Task.java" : {
              "name" : "src/Task.java",
              "placeholders" : [
                {
                  "offset" : 322,
                  "length" : 28,
                  "possible_answer" : "visited.add(root);\n\n        ArrayList<Vertex> children = root.getChildren();\n        for (Vertex child: children) {\n            if (child.equals(old)) continue;\n\n            if (visited.contains(child)) return true;\n            else if (cycleSearch(child, root, visited)) return true;\n        }\n",
                  "placeholder_text" : "/* Cycle Search Code Here */"
                }
              ],
              "is_visible" : true,
              "text" : "import java.util.ArrayList;\n\npublic class Task {\n    public static void main(String[] args) {}\n\n    public static boolean cycleSearch(Vertex root) {\n        return cycleSearch(root, null, new ArrayList<Vertex>());\n    }\n\n    private static boolean cycleSearch(Vertex root, Vertex old, ArrayList<Vertex> visited) {\n        /* Cycle Search Code Here */\n        return false;\n    }\n}"
            },
            "test/Tests.java" : {
              "name" : "test/Tests.java",
              "placeholders" : [ ],
              "is_visible" : false,
              "text" : "import org.junit.Assert;\nimport org.junit.Before;\nimport org.junit.Test;\n\npublic class Tests {\n  String returnedTrue = \"Your method returned true (said that there is a cycle in the graph), \" +\n          \"when it should return false\";\n  String returnedFalse = \"Your method returned false (said that there is not a cycle in the graph), \" +\n          \"when it should return true\";\n\n  @Before\n  public void setupGraphs() {\n    ForTesting.createGraphs();\n  }\n\n  @Test\n  public void testGraphOneVOne() {\n    Assert.assertFalse(returnedTrue, Task.cycleSearch(ForTesting.one));\n  }\n\n  @Test\n  public void testGraphOneVSeven() {\n    Assert.assertFalse(returnedTrue, Task.cycleSearch(ForTesting.one));\n  }\n  @Test\n  public void testGraphTwoVEight() {\n    Assert.assertFalse(returnedFalse, Task.cycleSearch(ForTesting.one));\n  }\n\n  @Test\n  public void testGraphOneVTen() {\n    Assert.assertFalse(returnedFalse, Task.cycleSearch(ForTesting.one));\n  }\n\n  @Test\n  public void testGraphThreeVTwelve() {\n    Assert.assertFalse(returnedTrue, Task.cycleSearch(ForTesting.twelve));\n  }\n}"
            },
            "src/Edge.java" : {
              "name" : "src/Edge.java",
              "placeholders" : [ ],
              "is_visible" : true,
              "text" : "public class Edge {\n\n    private Vertex vertex1, vertex2;\n\n    public Edge(Vertex vertex1, Vertex vertex2) {\n        this.vertex1 = vertex1;\n        this.vertex2 = vertex2;\n    }\n\n    public Vertex[] getVerticies() {\n        Vertex[] vertices = new Vertex[2];\n        vertices[0] = vertex1;\n        vertices[1] = vertex2;\n        return vertices;\n    }\n\n    public String toString() {\n        String out = \"Edge from \" + vertex1.getName() + \" to \" + vertex2.getName();\n        return out;\n    }\n}\n"
            },
            "src/Vertex.java" : {
              "name" : "src/Vertex.java",
              "placeholders" : [ ],
              "is_visible" : true,
              "text" : "import java.util.ArrayList;\n\npublic class Vertex {\n\n    private String name;\n    private ArrayList<Edge> edges = new ArrayList<>();\n\n    public Vertex(String name) {\n        this.name = name;\n    }\n\n    public void addEdge(Vertex vertex2) {\n        addEdge(vertex2, false);\n    }\n\n    private void addEdge(Vertex vertex2, boolean secondHandle) {\n        Edge connection = new Edge(this, vertex2);\n        edges.add(connection);\n\n        if (secondHandle == false) vertex2.addEdge(this, true);\n    }\n\n    public ArrayList<Vertex> getChildren() {\n        ArrayList<Vertex> children = new ArrayList<>();\n        for (Edge connection: edges) {\n            Vertex[] verticies = connection.getVerticies();\n            Vertex toAdd = this.equals(verticies[0]) ? verticies[1]:verticies[0];\n            children.add(toAdd);\n        }\n\n        return children;\n    }\n\n    public String getName() {\n        return name;\n    }\n\n    public ArrayList<Edge> getEdges() {\n        return edges;\n    }\n\n    public String toString() {\n        String out = \"Vertex: \" + name + \"\\nChildren: \";\n        for (int i = 0; i < getChildren().size(); i++) {\n            Vertex vertex = getChildren().get(i);\n            if (i == getChildren().size()-1) out += vertex.getName();\n            else out += vertex.getName() + \", \";\n        }\n        return out;\n    }\n}"
            },
            "src/ForTesting.java" : {
              "name" : "src/ForTesting.java",
              "placeholders" : [ ],
              "is_visible" : false,
              "text" : "import java.util.ArrayList;\n\npublic class ForTesting {\n    static Vertex one, two, three, four, five, six, seven, eight, nine, ten, eleven, twelve;\n    public static void main(String[] args) {\n    }\n\n    public static void createGraphs() {\n        one = new Vertex(\"one\");\n        two = new Vertex(\"two\");\n        three = new Vertex(\"three\");\n        four = new Vertex(\"four\");\n        five = new Vertex(\"five\");\n        six = new Vertex(\"six\");\n        seven = new Vertex(\"seven\");\n        eight = new Vertex(\"eight\");\n        nine = new Vertex(\"nine\");\n        ten = new Vertex(\"ten\");\n        eleven = new Vertex(\"eleven\");\n        twelve = new Vertex(\"twelve\");\n\n        one.addEdge(two); one.addEdge(three);\n        two.addEdge(four); two.addEdge(seven);\n        three.addEdge(six);\n        four.addEdge(five);\n\n        eight.addEdge(nine); eight.addEdge(ten);\n        eleven.addEdge(nine); eleven.addEdge(ten);\n    }\n}\n"
            }
          },
          "description_text" : "<html>\n<h2>Cycle Detection</h2>\n<p>In this task, make a method to determine if there is a cycle in an undirected graph. A\ngraph has a cycle if there is an unbroken series of nodes with no repeating nodes or\nedges that connects back to itself. The graph on the left has a\ncycle in the image below, while the graph on the right does not. You can change the method parameters\nwhich are given, but they are there to help you.</p>\n<img src=\"https://www.interviewcake.com/images/svgs/graph_coloring__cyclic_and_acyclic_graphs.svg?bust=209\">\n<div class=\"hint\">Modify the DFS or BFS algorithm. You want to return true if you encounter\na vertex you have already seen before, but with some exceptions.</div>\n</html>",
          "description_format" : "HTML",
          "feedback_link" : {
            "link_type" : "STEPIK"
          },
          "task_type" : "edu"
        },
        {
          "name" : "Strongest Edge",
          "files" : {
            "src/Task.java" : {
              "name" : "src/Task.java",
              "placeholders" : [
                {
                  "offset" : 338,
                  "length" : 26,
                  "possible_answer" : "visited.add(root);\n\n        int edgeWeight;\n        for (Edge connection: root.getEdges()) {\n            edgeWeight = connection.getWeight();\n            if (edgeWeight > strongest) strongest = edgeWeight;\n        }\n\n        ArrayList<Vertex> children = root.getChildrenDirected();\n        for (Vertex child: children) {\n            if (visited.contains(child)) continue;\n            return (strongestEdge(child, strongest, visited));\n        }\n",
                  "placeholder_text" : "/* Write your code here */"
                }
              ],
              "is_visible" : true,
              "text" : "import java.util.ArrayList;\n\npublic class Task {\n\n    public static void main(String[] args) {}\n\n    public static int strongestEdge(Vertex root) {\n        return strongestEdge(root, -Integer.MAX_VALUE, new ArrayList<Vertex>());\n    }\n\n    private static int strongestEdge(Vertex root, int strongest, ArrayList<Vertex> visited) {\n        /* Write your code here */\n        return strongest;\n    }\n}"
            },
            "test/Tests.java" : {
              "name" : "test/Tests.java",
              "placeholders" : [ ],
              "is_visible" : false,
              "text" : "import org.junit.Assert;\nimport org.junit.Before;\nimport org.junit.Test;\n\npublic class Tests {\n  private String msg = \"The strongest edge found is not correct\";\n\n\n  @Before\n  public void createGraph() {\n    ForTesting.createGraphs();\n  }\n\n  @Test\n  public void testGraphOne() {\n    Assert.assertEquals(msg, 11, Task.strongestEdge(ForTesting.one));\n  }\n\n  @Test\n  public void testGraphTwo() {\n    Assert.assertEquals(msg, 6, Task.strongestEdge(ForTesting.six));\n  }\n\n  @Test\n  public void testGraphThree() {\n    Assert.assertEquals(msg, -5, Task.strongestEdge(ForTesting.eleven));\n  }\n}"
            },
            "src/Vertex.java" : {
              "name" : "src/Vertex.java",
              "placeholders" : [ ],
              "is_visible" : true,
              "text" : "import java.util.ArrayList;\n\npublic class Vertex {\n\n    private String name;\n    private ArrayList<Edge> edges = new ArrayList<>();\n\n    public Vertex(String name) {\n        this.name = name;\n    }\n\n    public void addEdgeDirected(Vertex vertex2, int weight) {\n        Edge connection = new Edge(this, vertex2, weight);\n        edges.add(connection);\n    }\n\n    public ArrayList<Vertex> getChildrenDirected() {\n        ArrayList<Vertex> children = new ArrayList<>();\n        for (Edge connection: edges) {\n            Vertex toAdd = connection.getVerticies()[1];\n            children.add(toAdd);\n        }\n\n        return children;\n    }\n\n    public String getName() {\n        return name;\n    }\n\n    public ArrayList<Edge> getEdges() {\n        return edges;\n    }\n\n    public String toString() {\n        String out = \"Vertex: \" + name + \"\\nChildren: \";\n        for (int i = 0; i < getChildrenDirected().size(); i++) {\n            Vertex vertex = getChildrenDirected().get(i);\n            if (i == getChildrenDirected().size()-1) out += vertex.getName();\n            else out += vertex.getName() + \", \";\n        }\n        return out;\n    }\n}"
            },
            "src/Edge.java" : {
              "name" : "src/Edge.java",
              "placeholders" : [ ],
              "is_visible" : true,
              "text" : "public class Edge {\n\n    private Vertex vertex1, vertex2;\n    private int weight;\n\n    public Edge(Vertex vertex1, Vertex vertex2, int weight) {\n        this.vertex1 = vertex1;\n        this.vertex2 = vertex2;\n        this.weight = weight;\n    }\n\n    public Vertex[] getVerticies() {\n        Vertex[] vertices = new Vertex[2];\n        vertices[0] = vertex1;\n        vertices[1] = vertex2;\n        return vertices;\n    }\n\n    public int getWeight() {\n        return this.weight;\n    }\n\n    public String toString() {\n        String out = \"Edge from \" + vertex1.getName() + \" to \" + vertex2.getName();\n        return out;\n    }\n}\n"
            },
            "src/ForTesting.java" : {
              "name" : "src/ForTesting.java",
              "placeholders" : [ ],
              "is_visible" : false,
              "text" : "import java.util.ArrayList;\n\npublic class ForTesting {\n    static Vertex one, two, three, four, five, six, seven, eight, nine, ten, eleven, twelve;\n    public static void main(String[] args) {\n    }\n\n    public static void createGraphs() {\n        one = new Vertex(\"one\");\n        two = new Vertex(\"two\");\n        three = new Vertex(\"three\");\n        four = new Vertex(\"four\");\n        five = new Vertex(\"five\");\n        six = new Vertex(\"six\");\n        seven = new Vertex(\"seven\");\n        eight = new Vertex(\"eight\");\n        nine = new Vertex(\"nine\");\n        ten = new Vertex(\"ten\");\n        eleven = new Vertex(\"eleven\");\n        twelve = new Vertex(\"twelve\");\n\n        one.addEdgeDirected(two, 5);\n        two.addEdgeDirected(four, 10);\n        four.addEdgeDirected(one, 6); four.addEdgeDirected(five, 7);\n        five.addEdgeDirected(three, 11);\n\n        six.addEdgeDirected(eight, 1);\n        eight.addEdgeDirected(nine, 5); eight.addEdgeDirected(ten, 2);\n        nine.addEdgeDirected(seven, 6);\n        seven.addEdgeDirected(six, 4); seven.addEdgeDirected(ten, 3);\n\n        eleven.addEdgeDirected(twelve, -5);\n    }\n}\n"
            }
          },
          "description_text" : "<html>\n<h2>Strongest Edge Detection</h2>\n<p>For this problem, return the value (integer) of the strongest edge in a directed graph.\nFor example, in the graph below the strongest edge is 4, between nodes C and E.</p>\n<img src=\"https://i.stack.imgur.com/7C2kD.png\">\n<div class=\"hint\">If you try to modify the DFS or BFS algorithm for this problem, you <strong>might</strong>\nneed two loops in your method instead of one.</div>\n</html>",
          "description_format" : "HTML",
          "feedback_link" : {
            "link_type" : "STEPIK"
          },
          "task_type" : "edu"
        }
      ],
      "type" : "lesson"
    }
  ],
  "additional_files" : [
    {
      "name" : "build.gradle",
      "placeholders" : [ ],
      "is_visible" : true,
      "text" : "buildscript {\n    repositories {\n        mavenCentral()\n    }\n}\n\ndef printOutput(def output) {\n    return tasks.create(\"printOutput\") {\n        println \"#educational_plugin_checker_version 1\"\n        def separator = System.lineSeparator()\n        def lines = output.toString().split(\"(?<=${separator})|(?=${separator})\")\n        for (line in lines) {\n            println \"#educational_plugin\" + line\n        }\n    }\n}\n\nsubprojects {\n    apply plugin: 'application'\n    apply plugin: 'java'\n\n    sourceCompatibility = 1.8\n\n    repositories {\n        mavenCentral()\n    }\n\n    dependencies {\n        testCompile group: 'junit', name: 'junit', version: '4.12'\n    }\n\n    sourceSets {\n        main {\n            java.srcDir 'src'\n        }\n        test {\n            java.srcDir 'test'\n        }\n    }\n\n    mainClassName = project.hasProperty(\"mainClass\") ? project.getProperty(\"mainClass\") : \"\"\n\n    if (project.hasProperty(\"educationalRun\") && \"true\".equalsIgnoreCase(project.getProperty(\"educationalRun\"))) {\n        def runOutput = new ByteArrayOutputStream()\n        tasks.run.setStandardOutput(runOutput)\n        tasks.run.doLast { printOutput(runOutput) }\n    }\n}\n\nproject(':util') {\n    dependencies {\n        compile group: 'junit', name: 'junit', version: '4.12'\n    }\n}\n\nconfigure(subprojects.findAll { it.name != 'util' }) {\n    dependencies {\n        compile project(':util').sourceSets.main.output\n        testCompile project(':util').sourceSets.test.output\n    }\n}\n"
    }
  ],
  "version" : 11
}