{
  "summary" : "Java course.\nCreated: Jul 6, 2021, 4:05:46 PM.",
  "title" : "Maps Course",
  "authors" : [
    "Dylanlinton"
  ],
  "programming_language" : "JAVA",
  "language" : "en",
  "course_type" : "PyCharm",
  "items" : [
    {
      "title" : "Introduction to Maps",
      "task_list" : [
        {
          "name" : "Introduction to Maps",
          "files" : {
            "src/Main.java" : {
              "name" : "src/Main.java",
              "placeholders" : [ ],
              "is_visible" : true,
              "text" : "public class Main {\n   public static void main(String[] args) {\n      // Write your solution here\n   }\n}"
            }
          },
          "description_text" : "<html>\n\n<h2>Introduction to Maps</h2>\n\n<p> In Java, a Map is a data structure that stores a value with a given key.\n    A key-value pair is known as an entry. Maps cannot contain duplicate keys,\n    but may have duplicate values.</p>\n\n<p> You cannot make an object of type Map, since it is an <a href=\"https://www.w3schools.com/java/java_interface.asp\"> interface </a> </p>\n\n<p> Check out the different types of Maps <a href=\"https://www.programcreek.com/2013/03/hashmap-vs-treemap-vs-hashtable-vs-linkedhashmap/\"> here </a> </p>\n\n<img src=\"https://contribute.geeksforgeeks.org/wp-content/uploads/Selection_030.png\">\n\n</html>",
          "description_format" : "HTML",
          "feedback_link" : {
            "link_type" : "STEPIK"
          },
          "task_type" : "theory"
        },
        {
          "name" : "HashMaps",
          "files" : {
            "src/Main.java" : {
              "name" : "src/Main.java",
              "placeholders" : [ ],
              "is_visible" : true,
              "text" : "public class Main {\n   public static void main(String[] args) {\n      // Write your solution here\n   }\n}"
            }
          },
          "description_text" : "<html>\n\n<h2>HashMaps</h2>\n\n<p> The HashMap class is an <a href=\"https://codesnipeet.com/question/define-synchronized-and-non-synchronized-in-java/\">unsynchronized</a>\ntype of Map that implements the Map interface.</p>\n\n<code>\n    HashMap&lt;K, V&gt; hsm = new HashMap&lt;K, V&gt;();\n</code>\n\n<p>Some important characteristics of HashMaps to remember are:</p>\n\n<ul>\n    <li> They follow no particular order </li>\n    <li> They may have a single null key as well as multiple null values </li>\n    <li> Like all Maps, HashMaps have unique keys that each refer to a single value </li>\n</ul>\n\n<p> The HashMap class uses the hashing function to map keys to values. To read more, go <a href=\"https://www.geeksforgeeks.org/hashing-in-java/\"> here </a> </p>\n\n<p> To read more about HashMaps in general, click <a href=\"https://www.javatpoint.com/java-hashmap\"> here </a></p>\n\n</html>",
          "description_format" : "HTML",
          "feedback_link" : {
            "link_type" : "STEPIK"
          },
          "task_type" : "theory"
        }
      ],
      "type" : "lesson"
    },
    {
      "title" : "HashMap Methods",
      "task_list" : [
        {
          "name" : "put()",
          "files" : {
            "src/Main.java" : {
              "name" : "src/Main.java",
              "placeholders" : [
                {
                  "offset" : 179,
                  "length" : 31,
                  "possible_answer" : "HashMap<String, Integer> hmap = new HashMap<>();\n      for (String s : foods) {\n         hmap.put(s, s.length());\n      }\n      System.out.println(hmap);",
                  "placeholder_text" : "/* Write your algorithm here */"
                }
              ],
              "is_visible" : true,
              "text" : "import java.util.HashMap;\n\npublic class Main {\n   public static void main(String[] args) {\n      String[] foods = {\"Banana\", \"Steak\", \"Sushi\", \"Ice Cream\", \"Cheeseburger\"};\n      /* Write your algorithm here */\n   }\n}"
            },
            "test/output.txt" : {
              "name" : "test/output.txt",
              "placeholders" : [ ],
              "is_visible" : false,
              "text" : "{Ice Cream=9, Cheeseburger=12, Steak=5, Sushi=5, Banana=6}\n"
            }
          },
          "description_text" : "<html>\n\n<h2>HashMap Methods: put(K, V)</h2>\n\n<p>In order to add an entry to a HashMap, we use the put(K, V) method where\n    K is the key and v is the value. Here's an example:</p>\n\n<code>HashMap&lt;String, String&gt; capitals = new HashMap&lt;&gt;(); </code>\n<code>capitals.put(\"United Kingdom\", \"London\");</code>\n\n<p>Using the put(K, V) method and the given array of Strings, try creating an algorithm\n    to create a hashmap with <strong>the Strings as the key and their lengths as the value. </strong>\n    Then, print the finalized HashMap.</p>\n\n<p>When you have finished, press Check to test your solution.</p>\n\n</html>",
          "description_format" : "HTML",
          "feedback_link" : {
            "link_type" : "STEPIK"
          },
          "task_type" : "output"
        },
        {
          "name" : "remove()",
          "files" : {
            "src/Main.java" : {
              "name" : "src/Main.java",
              "placeholders" : [
                {
                  "offset" : 358,
                  "length" : 26,
                  "possible_answer" : "for (int i = 1; i <= 8; i += 2) {\n         hmap.remove(i);\n      }\n      System.out.println(hmap);",
                  "placeholder_text" : "/* Write your code here */"
                }
              ],
              "is_visible" : true,
              "text" : "import java.util.HashMap;\n\npublic class Main {\n   public static void main(String[] args) {\n      HashMap<Integer, String> hmap = new HashMap<>();\n      // creates a map of the letters A-H and their position in the alphabet\n      String alphabet = \"ABCDEFGH\";\n      for (int i = 0; i < 8; i++) {\n         hmap.put(i+1, alphabet.charAt(i) + \"\");\n      }\n      /* Write your code here */\n\n   }\n}"
            },
            "test/output.txt" : {
              "name" : "test/output.txt",
              "placeholders" : [ ],
              "is_visible" : false,
              "text" : "{2=B, 4=D, 6=F, 8=H}\n"
            }
          },
          "description_text" : "<html>\n\n<h2>HashMap Methods: remove()</h2>\n\n<p>When we want to remove entries from a HashMap, we use the remove() method.\nThis can be done in two ways:</p>\n\n<ul>\n    <li><b>remove(K)</b> - this form removes the entry at key K and returns the value it held</li>\n    <li><b>remove(K, V)</b> - this form removes the specified value V at the key K (if it exists)\n        and return a boolean value that states if the entry exists or not</li>\n</ul>\n\n<p>Using either of these implementations, <strong> try removing all of the elements that\nhave an odd key value.</strong> Then, print the Map to the output.</p>\n\n<p>When you have finished, press Check to test your solution.</p>\n\n</html>",
          "description_format" : "HTML",
          "feedback_link" : {
            "link_type" : "STEPIK"
          },
          "task_type" : "output"
        },
        {
          "name" : "Other Methods",
          "files" : {
            "src/Main.java" : {
              "name" : "src/Main.java",
              "placeholders" : [ ],
              "is_visible" : true,
              "text" : "public class Main {\n   public static void main(String[] args) {\n      // Write your solution here\n   }\n}"
            }
          },
          "description_text" : "<html>\n\n<h2>Other HashMap Methods</h2>\n\n<p>Here are some other useful methods we can use with HashMaps:</p>\n\n<ul>\n    <li>void clear() - removes all of the entries of the map</li>\n    <li>Set keySet() - returns a Collection of all of the keys in the map</li>\n    <li>Collection values() - returns a Collection of the values in the map</li>\n    <li>boolean containsValue(V) - returns true if the map contains the given value</li>\n    <li>boolean containsKey(K) - returns true if the map contains the given key</li>\n    <li>V get(K) - returns the value at the given key</li>\n    <li>int size() - returns the number of entries in the map</li>\n</ul>\n\n<p>For more methods, visit <a href = \"https://www.javatpoint.com/java-hashmap\">this link</a></p>\n\n</html>",
          "description_format" : "HTML",
          "feedback_link" : {
            "link_type" : "STEPIK"
          },
          "task_type" : "theory"
        }
      ],
      "type" : "lesson"
    },
    {
      "title" : "MCQ Review",
      "task_list" : [
        {
          "choiceOptions" : [
            {
              "text" : "true",
              "status" : "INCORRECT"
            },
            {
              "text" : "false",
              "status" : "CORRECT"
            }
          ],
          "isMultipleChoice" : false,
          "name" : "MCQ 1",
          "files" : {
            "src/Main.java" : {
              "name" : "src/Main.java",
              "placeholders" : [ ],
              "is_visible" : true,
              "text" : "public class Main {\n   public static void main(String[] args) {\n      // Write your solution here\n   }\n}"
            }
          },
          "description_text" : "<html>\n\n<h2>Review Question 1</h2>\n\n<p>True or False: When printed, a HashMap preserves insertion order.</p>\n\n</html>",
          "description_format" : "HTML",
          "feedback_link" : {
            "link_type" : "STEPIK"
          },
          "task_type" : "choice"
        },
        {
          "choiceOptions" : [
            {
              "text" : "A",
              "status" : "INCORRECT"
            },
            {
              "text" : "B",
              "status" : "CORRECT"
            },
            {
              "text" : "C",
              "status" : "INCORRECT"
            },
            {
              "text" : "D",
              "status" : "INCORRECT"
            }
          ],
          "isMultipleChoice" : false,
          "name" : "MCQ 2",
          "files" : {
            "src/Main.java" : {
              "name" : "src/Main.java",
              "placeholders" : [ ],
              "is_visible" : true,
              "text" : "public class Main {\n   public static void main(String[] args) {\n      // Write your solution here\n   }\n}"
            }
          },
          "description_text" : "<html>\n\n<h2>Review Question 2</h2>\n\n<p>Which of the following sections of code <b>does not</b> correctly construct a HashMap?</p>\n\n<p>A:</p>\n\n<code>HashMap&lt;String, String&gt; hmap = new HashMap&lt;String, String&gt;();</code>\n\n<p>B:</p>\n\n<code>HashMap&lt;int, String&gt; hmap = new HashMap&lt;int, String&gt;();</code>\n\n<p>C: </p>\n\n<code>HashMap hmap = new HashMap();</code>\n\n<p>D: </p>\n\n<code>HashMap&lt;String, Integer> = new HashMap(10);</code>\n\n</html>",
          "description_format" : "HTML",
          "feedback_link" : {
            "link_type" : "STEPIK"
          },
          "task_type" : "choice"
        },
        {
          "choiceOptions" : [
            {
              "text" : "A",
              "status" : "CORRECT"
            },
            {
              "text" : "B",
              "status" : "INCORRECT"
            },
            {
              "text" : "C",
              "status" : "CORRECT"
            },
            {
              "text" : "D",
              "status" : "INCORRECT"
            }
          ],
          "isMultipleChoice" : true,
          "name" : "MCQ 3",
          "files" : {
            "src/Main.java" : {
              "name" : "src/Main.java",
              "placeholders" : [ ],
              "is_visible" : true,
              "text" : "public class Main {\n   public static void main(String[] args) {\n      // Write your solution here\n   }\n}"
            }
          },
          "description_text" : "<html>\n\n<h2>Review Question 3</h2>\n\n<p>From the list below, select all statements that are true about HashMaps:</p>\n\n<ol type=\"A\">\n\n    <li>They can have a single null key and multiple null values</li>\n\n    <li>One key can have multiple accessible values</li>\n\n    <li>A HashMap can have as many entries as you want</li>\n\n    <li>Using the remove() function on a value not contained in the HashMap\n    will throw an exception.</li>\n\n</ol>\n\n</html>",
          "description_format" : "HTML",
          "feedback_link" : {
            "link_type" : "STEPIK"
          },
          "task_type" : "choice"
        }
      ],
      "type" : "lesson"
    },
    {
      "title" : "Unit Testing",
      "task_list" : [
        {
          "name" : "Edu Task 1",
          "files" : {
            "src/Task.java" : {
              "name" : "src/Task.java",
              "placeholders" : [
                {
                  "offset" : 135,
                  "length" : 26,
                  "possible_answer" : "Set<String> keys = scores.keySet();\n        ArrayList<String> out = new ArrayList<>();\n        for (String k : keys) {\n            if (scores.get(k) >= 98) out.add(k);\n        }\n        return out;",
                  "placeholder_text" : "/* Write your code here */"
                }
              ],
              "is_visible" : true,
              "text" : "import java.util.*;\n\npublic class Task {\n\n    public static ArrayList<String> getBestScores(HashMap<String, Integer> scores) {\n        /* Write your code here */\n    }\n\n}"
            },
            "test/Tests.java" : {
              "name" : "test/Tests.java",
              "placeholders" : [ ],
              "is_visible" : false,
              "text" : "import org.junit.Assert;\nimport org.junit.Test;\n\nimport java.util.ArrayList;\nimport java.util.HashMap;\nimport java.util.Set;\n\npublic class Tests {\n  @Test\n  public void testSolution() {\n    // put your test here\n    HashMap<String, Integer> map = new HashMap<>();\n    map.put(\"Dylan\", 98);\n    map.put(\"Joe\", 75);\n    map.put(\"Susan\", 92);\n    map.put(\"John\", 85);\n    map.put(\"Steve\", 99);\n    map.put(\"Phoebe\", 100);\n    map.put(\"Marco\", 50);\n    map.put(\"Aaron\", 96);\n    map.put(\"Taylor\", 100);\n    Set<String> keys = map.keySet();\n    ArrayList<String> list = new ArrayList<>();\n    for (String k : keys) {\n      if (map.get(k) >= 98) list.add(k);\n    }\n    Assert.assertEquals(list, Task.getBestScores(map));\n  }\n}"
            }
          },
          "description_text" : "<html>\n\n<h2>Test Question 1: Test Scores</h2>\n\n<p>Your task is to write a method that finds the students who received an\nA+ (98 or above) on their test. The method will take in a HashMap of key type String\nand value type Integer and return an ArrayList of type String. The HashMap\nrepresents the students' names and their corresponding test scores, and the returned\nArrayList will be the list of the <b>names of students</b> that got a high grade.</p>\n\n<p>Preconditions:</p>\n<ul>\n    <li>All values are non-negative integers between 0 and 100</li>\n    <li>All of the keys are valid student names</li>\n</ul>\n\n<div class=\"hint\">You can get a Collection of the map's keys using the keySet() method.</div>\n\n</html>",
          "description_format" : "HTML",
          "feedback_link" : {
            "link_type" : "STEPIK"
          },
          "task_type" : "edu"
        },
        {
          "name" : "Edu Task 2",
          "files" : {
            "src/Task.java" : {
              "name" : "src/Task.java",
              "placeholders" : [
                {
                  "offset" : 176,
                  "length" : 26,
                  "possible_answer" : "HashMap<String, String> switched = new HashMap<>();\n        Set<String> keys = original.keySet();\n        for (String s : keys) {\n            switched.put(original.get(s), s);\n        }\n        return switched;",
                  "placeholder_text" : "/* Write your code here */"
                }
              ],
              "is_visible" : true,
              "text" : "import java.util.HashMap;\nimport java.util.Set;\n\npublic class Task {\n\n    public static HashMap<String, String> switchKeysAndValues(HashMap<String, String> original) {\n        /* Write your code here */\n    }\n\n}"
            },
            "test/Tests.java" : {
              "name" : "test/Tests.java",
              "placeholders" : [ ],
              "is_visible" : false,
              "text" : "import org.junit.Assert;\nimport org.junit.Test;\n\nimport java.util.HashMap;\nimport java.util.Set;\n\npublic class Tests {\n  @Test\n  public void testSolution() {\n    HashMap<String, String> original = new HashMap<>();\n    original.put(\"AAA\", \"HHH\");\n    original.put(\"BBB\", \"III\");\n    original.put(\"CCC\", \"JJJ\");\n    original.put(\"DDD\", \"KKK\");\n    original.put(\"EEE\", \"LLL\");\n    original.put(\"FFF\", \"MMM\");\n    original.put(\"GGG\", \"NNN\");\n    HashMap<String, String> switched = new HashMap<>();\n    Set<String> keys = original.keySet();\n    for (String s : keys) {\n      switched.put(original.get(s), s);\n    }\n    Assert.assertEquals(switched, Task.switchKeysAndValues(original));\n  }\n}"
            }
          },
          "description_text" : "<html>\n\n<h2>Test Question 2: Reverse Map</h2>\n\n<p>For this task, you will write a method that takes in a map and returns a\nnew map with the original's keys and values switched. The map will have\nkeys and values of type String.</p>\n\n<p>Ex. If the original map has an Entry of (\"AAA\", \"BBB\"), the corresponding\nEntry in the new map will be (\"BBB\", \"AAA\").</p>\n\n<p>Preconditions:</p>\n\n<ul>\n    <li>There will be no more than 1 null value in given HashMap.</li>\n    <li>Each key/value will be a unique String, meaning there won't be\n    any repeats across all the keys and values.</li>\n</ul>\n\n</html>",
          "description_format" : "HTML",
          "feedback_link" : {
            "link_type" : "STEPIK"
          },
          "task_type" : "edu"
        }
      ],
      "type" : "lesson"
    }
  ],
  "additional_files" : [
    {
      "name" : "course.json",
      "placeholders" : [ ],
      "is_visible" : true,
      "text" : "{\n  \"summary\" : \"Java course.\\nCreated: Jul 6, 2021, 4:05:46 PM.\",\n  \"title\" : \"Maps Course\",\n  \"authors\" : [\n    \"Dylanlinton\"\n  ],\n  \"programming_language\" : \"JAVA\",\n  \"language\" : \"en\",\n  \"course_type\" : \"PyCharm\",\n  \"items\" : [\n    {\n      \"title\" : \"Introduction to Maps\",\n      \"task_list\" : [\n        {\n          \"name\" : \"Introduction to Maps\",\n          \"files\" : {\n            \"src/Main.java\" : {\n              \"name\" : \"src/Main.java\",\n              \"placeholders\" : [ ],\n              \"is_visible\" : true,\n              \"text\" : \"public class Main {\\n   public static void main(String[] args) {\\n      // Write your solution here\\n   }\\n}\"\n            }\n          },\n          \"description_text\" : \"<html>\\n\\n<h2>Introduction to Maps</h2>\\n\\n<p> In Java, a Map is a data structure that stores a value with a given key.\\n    A key-value pair is known as an entry. Maps cannot contain duplicate keys,\\n    but may have duplicate values.</p>\\n\\n<p> You cannot make an object of type Map, since it is an <a href=\\\"https://www.w3schools.com/java/java_interface.asp\\\"> interface </a> </p>\\n\\n<p> Check out the different types of Maps <a href=\\\"https://www.programcreek.com/2013/03/hashmap-vs-treemap-vs-hashtable-vs-linkedhashmap/\\\"> here </a> </p>\\n\\n<img src=\\\"https://contribute.geeksforgeeks.org/wp-content/uploads/Selection_030.png\\\">\\n\\n</html>\",\n          \"description_format\" : \"HTML\",\n          \"feedback_link\" : {\n            \"link_type\" : \"STEPIK\"\n          },\n          \"task_type\" : \"theory\"\n        },\n        {\n          \"name\" : \"HashMaps\",\n          \"files\" : {\n            \"src/Main.java\" : {\n              \"name\" : \"src/Main.java\",\n              \"placeholders\" : [ ],\n              \"is_visible\" : true,\n              \"text\" : \"public class Main {\\n   public static void main(String[] args) {\\n      // Write your solution here\\n   }\\n}\"\n            }\n          },\n          \"description_text\" : \"<html>\\n\\n<h2>HashMaps</h2>\\n\\n<p> The HashMap class is an <a href=\\\"https://codesnipeet.com/question/define-synchronized-and-non-synchronized-in-java/\\\">unsynchronized</a>\\ntype of Map that implements the Map interface.</p>\\n\\n<code>\\n    HashMap&lt;K, V&gt; hsm = new HashMap&lt;K, V&gt;();\\n</code>\\n\\n<p>Some important characteristics of HashMaps to remember are:</p>\\n\\n<ul>\\n    <li> They follow no particular order </li>\\n    <li> They may have a single null key as well as multiple null values </li>\\n    <li> Like all Maps, HashMaps have unique keys that each refer to a single value </li>\\n</ul>\\n\\n<p> The HashMap class uses the hashing function to map keys to values. To read more, go <a href=\\\"https://www.geeksforgeeks.org/hashing-in-java/\\\"> here </a> </p>\\n\\n<p> To read more about HashMaps in general, click <a href=\\\"https://www.javatpoint.com/java-hashmap\\\"> here </a></p>\\n\\n</html>\",\n          \"description_format\" : \"HTML\",\n          \"feedback_link\" : {\n            \"link_type\" : \"STEPIK\"\n          },\n          \"task_type\" : \"theory\"\n        }\n      ],\n      \"type\" : \"lesson\"\n    },\n    {\n      \"title\" : \"HashMap Methods\",\n      \"task_list\" : [\n        {\n          \"name\" : \"put()\",\n          \"files\" : {\n            \"src/Main.java\" : {\n              \"name\" : \"src/Main.java\",\n              \"placeholders\" : [\n                {\n                  \"offset\" : 179,\n                  \"length\" : 31,\n                  \"possible_answer\" : \"HashMap<String, Integer> hmap = new HashMap<>();\\n      for (String s : foods) {\\n         hmap.put(s, s.length());\\n      }\\n      System.out.println(hmap);\",\n                  \"placeholder_text\" : \"/* Write your algorithm here */\"\n                }\n              ],\n              \"is_visible\" : true,\n              \"text\" : \"import java.util.HashMap;\\n\\npublic class Main {\\n   public static void main(String[] args) {\\n      String[] foods = {\\\"Banana\\\", \\\"Steak\\\", \\\"Sushi\\\", \\\"Ice Cream\\\", \\\"Cheeseburger\\\"};\\n      /* Write your algorithm here */\\n   }\\n}\"\n            },\n            \"test/output.txt\" : {\n              \"name\" : \"test/output.txt\",\n              \"placeholders\" : [ ],\n              \"is_visible\" : false,\n              \"text\" : \"{Ice Cream=9, Cheeseburger=12, Steak=5, Sushi=5, Banana=6}\\n\"\n            }\n          },\n          \"description_text\" : \"<html>\\n\\n<h2>HashMap Methods: put(K, V)</h2>\\n\\n<p>In order to add an entry to a HashMap, we use the put(K, V) method where\\n    K is the key and v is the value. Here's an example:</p>\\n\\n<code>HashMap&lt;String, String&gt; capitals = new HashMap&lt;&gt;(); </code>\\n<code>capitals.put(\\\"United Kingdom\\\", \\\"London\\\");</code>\\n\\n<p>Using the put(K, V) method and the given array of Strings, try creating an algorithm\\n    to create a hashmap with <strong>the Strings as the key and their lengths as the value. </strong>\\n    Then, print the finalized HashMap.</p>\\n\\n<p>When you have finished, press Check to test your solution.</p>\\n\\n</html>\",\n          \"description_format\" : \"HTML\",\n          \"feedback_link\" : {\n            \"link_type\" : \"STEPIK\"\n          },\n          \"task_type\" : \"output\"\n        },\n        {\n          \"name\" : \"remove()\",\n          \"files\" : {\n            \"src/Main.java\" : {\n              \"name\" : \"src/Main.java\",\n              \"placeholders\" : [\n                {\n                  \"offset\" : 358,\n                  \"length\" : 26,\n                  \"possible_answer\" : \"for (int i = 2; i <= 8; i += 2) {\\n         hmap.remove(i);\\n      }\\n      System.out.println(hmap);\",\n                  \"placeholder_text\" : \"/* Write your code here */\"\n                }\n              ],\n              \"is_visible\" : true,\n              \"text\" : \"import java.util.HashMap;\\n\\npublic class Main {\\n   public static void main(String[] args) {\\n      HashMap<Integer, String> hmap = new HashMap<>();\\n      // creates a map of the letters A-H and their position in the alphabet\\n      String alphabet = \\\"ABCDEFGH\\\";\\n      for (int i = 0; i < 8; i++) {\\n         hmap.put(i+1, alphabet.charAt(i) + \\\"\\\");\\n      }\\n      /* Write your code here */\\n   }\\n}\"\n            },\n            \"test/output.txt\" : {\n              \"name\" : \"test/output.txt\",\n              \"placeholders\" : [ ],\n              \"is_visible\" : false,\n              \"text\" : \"{1=A, 3=C, 5=E, 7=G}\\n\"\n            }\n          },\n          \"description_text\" : \"<html>\\n\\n<h2>HashMap Methods: remove()</h2>\\n\\n<p>When we want to remove entries from a HashMap, we use the remove() method.\\nThis can be done in two ways:</p>\\n\\n<ul>\\n    <li><b>remove(K)</b> - this form removes the entry at key K and returns the value it held</li>\\n    <li><b>remove(K, V)</b> - this form removes the specified value V at the key K (if it exists)\\n        and return a boolean value that states if the entry exists or not</li>\\n</ul>\\n\\n<p>Using either of these implementations, <strong> try removing all of the elements that\\nhave an odd key value.</strong> Then, print the Map to the output.</p>\\n\\n<p>When you have finished, press Check to test your solution.</p>\\n\\n</html>\",\n          \"description_format\" : \"HTML\",\n          \"feedback_link\" : {\n            \"link_type\" : \"STEPIK\"\n          },\n          \"task_type\" : \"output\"\n        },\n        {\n          \"name\" : \"Other Methods\",\n          \"files\" : {\n            \"src/Main.java\" : {\n              \"name\" : \"src/Main.java\",\n              \"placeholders\" : [ ],\n              \"is_visible\" : true,\n              \"text\" : \"public class Main {\\n   public static void main(String[] args) {\\n      // Write your solution here\\n   }\\n}\"\n            }\n          },\n          \"description_text\" : \"<html>\\n\\n<h2>Other HashMap Methods</h2>\\n\\n<p>Here are some other useful methods we can use with HashMaps:</p>\\n\\n<ul>\\n    <li>void clear() - removes all of the entries of the map</li>\\n    <li>Set keySet() - returns a Collection of all of the keys in the map</li>\\n    <li>Collection values() - returns a Collection of the values in the map</li>\\n    <li>boolean containsValue(V) - returns true if the map contains the given value</li>\\n    <li>boolean containsKey(K) - returns true if the map contains the given key</li>\\n    <li>V get(K) - returns the value at the given key</li>\\n    <li>int size() - returns the number of entries in the map</li>\\n</ul>\\n\\n<p>For more methods, visit <a href = \\\"https://www.javatpoint.com/java-hashmap\\\">this link</a></p>\\n\\n</html>\",\n          \"description_format\" : \"HTML\",\n          \"feedback_link\" : {\n            \"link_type\" : \"STEPIK\"\n          },\n          \"task_type\" : \"theory\"\n        }\n      ],\n      \"type\" : \"lesson\"\n    },\n    {\n      \"title\" : \"MCQ Review\",\n      \"task_list\" : [\n        {\n          \"choiceOptions\" : [\n            {\n              \"text\" : \"true\",\n              \"status\" : \"INCORRECT\"\n            },\n            {\n              \"text\" : \"false\",\n              \"status\" : \"CORRECT\"\n            }\n          ],\n          \"isMultipleChoice\" : false,\n          \"name\" : \"MCQ 1\",\n          \"files\" : {\n            \"src/Main.java\" : {\n              \"name\" : \"src/Main.java\",\n              \"placeholders\" : [ ],\n              \"is_visible\" : true,\n              \"text\" : \"public class Main {\\n   public static void main(String[] args) {\\n      // Write your solution here\\n   }\\n}\"\n            }\n          },\n          \"description_text\" : \"<html>\\n\\n<h2>Review Question 1</h2>\\n\\n<p>True or False: When printed, a HashMap preserves insertion order.</p>\\n\\n</html>\",\n          \"description_format\" : \"HTML\",\n          \"feedback_link\" : {\n            \"link_type\" : \"STEPIK\"\n          },\n          \"task_type\" : \"choice\"\n        },\n        {\n          \"choiceOptions\" : [\n            {\n              \"text\" : \"A\",\n              \"status\" : \"INCORRECT\"\n            },\n            {\n              \"text\" : \"B\",\n              \"status\" : \"CORRECT\"\n            },\n            {\n              \"text\" : \"C\",\n              \"status\" : \"INCORRECT\"\n            },\n            {\n              \"text\" : \"D\",\n              \"status\" : \"INCORRECT\"\n            }\n          ],\n          \"isMultipleChoice\" : false,\n          \"name\" : \"MCQ 2\",\n          \"files\" : {\n            \"src/Main.java\" : {\n              \"name\" : \"src/Main.java\",\n              \"placeholders\" : [ ],\n              \"is_visible\" : true,\n              \"text\" : \"public class Main {\\n   public static void main(String[] args) {\\n      // Write your solution here\\n   }\\n}\"\n            }\n          },\n          \"description_text\" : \"<html>\\n\\n<h2>Review Question 2</h2>\\n\\n<p>Which of the following sections of code <b>does not</b> correctly construct a HashMap?</p>\\n\\n<p>A:</p>\\n\\n<code>HashMap&lt;String, String&gt; hmap = new HashMap&lt;String, String&gt;();</code>\\n\\n<p>B:</p>\\n\\n<code>HashMap&lt;int, String&gt; hmap = new HashMap&lt;int, String&gt;();</code>\\n\\n<p>C: </p>\\n\\n<code>HashMap hmap = new HashMap();</code>\\n\\n<p>D: </p>\\n\\n<code>HashMap&lt;String, Integer> = new HashMap(10);</code>\\n\\n</html>\",\n          \"description_format\" : \"HTML\",\n          \"feedback_link\" : {\n            \"link_type\" : \"STEPIK\"\n          },\n          \"task_type\" : \"choice\"\n        },\n        {\n          \"choiceOptions\" : [\n            {\n              \"text\" : \"A\",\n              \"status\" : \"CORRECT\"\n            },\n            {\n              \"text\" : \"B\",\n              \"status\" : \"INCORRECT\"\n            },\n            {\n              \"text\" : \"C\",\n              \"status\" : \"CORRECT\"\n            },\n            {\n              \"text\" : \"D\",\n              \"status\" : \"INCORRECT\"\n            }\n          ],\n          \"isMultipleChoice\" : true,\n          \"name\" : \"MCQ 3\",\n          \"files\" : {\n            \"src/Main.java\" : {\n              \"name\" : \"src/Main.java\",\n              \"placeholders\" : [ ],\n              \"is_visible\" : true,\n              \"text\" : \"public class Main {\\n   public static void main(String[] args) {\\n      // Write your solution here\\n   }\\n}\"\n            }\n          },\n          \"description_text\" : \"<html>\\n\\n<h2>Review Question 3</h2>\\n\\n<p>From the list below, select all statements that are true about HashMaps:</p>\\n\\n<ol type=\\\"A\\\">\\n\\n    <li>They can have a single null key and multiple null values</li>\\n\\n    <li>One key can have multiple accessible values</li>\\n\\n    <li>A HashMap can have as many entries as you want</li>\\n\\n    <li>Using the remove() function on a value not contained in the HashMap\\n    will throw an exception.</li>\\n\\n</ol>\\n\\n</html>\",\n          \"description_format\" : \"HTML\",\n          \"feedback_link\" : {\n            \"link_type\" : \"STEPIK\"\n          },\n          \"task_type\" : \"choice\"\n        }\n      ],\n      \"type\" : \"lesson\"\n    },\n    {\n      \"title\" : \"Unit Testing\",\n      \"task_list\" : [\n        {\n          \"name\" : \"Edu Task 1\",\n          \"files\" : {\n            \"src/Task.java\" : {\n              \"name\" : \"src/Task.java\",\n              \"placeholders\" : [\n                {\n                  \"offset\" : 135,\n                  \"length\" : 26,\n                  \"possible_answer\" : \"Set<String> keys = scores.keySet();\\n        ArrayList<String> out = new ArrayList<>();\\n        for (String k : keys) {\\n            if (scores.get(k) >= 98) out.add(k);\\n        }\\n        return out;\",\n                  \"placeholder_text\" : \"/* Write your code here */\"\n                }\n              ],\n              \"is_visible\" : true,\n              \"text\" : \"import java.util.*;\\n\\npublic class Task {\\n\\n    public static ArrayList<String> getBestScores(HashMap<String, Integer> scores) {\\n        /* Write your code here */\\n    }\\n\\n}\"\n            },\n            \"test/Tests.java\" : {\n              \"name\" : \"test/Tests.java\",\n              \"placeholders\" : [ ],\n              \"is_visible\" : false,\n              \"text\" : \"import org.junit.Assert;\\nimport org.junit.Test;\\n\\nimport java.util.ArrayList;\\nimport java.util.HashMap;\\nimport java.util.Set;\\n\\npublic class Tests {\\n  @Test\\n  public void testSolution() {\\n    // put your test here\\n    HashMap<String, Integer> map = new HashMap<>();\\n    map.put(\\\"Dylan\\\", 98);\\n    map.put(\\\"Joe\\\", 75);\\n    map.put(\\\"Susan\\\", 92);\\n    map.put(\\\"John\\\", 85);\\n    map.put(\\\"Steve\\\", 99);\\n    map.put(\\\"Phoebe\\\", 100);\\n    map.put(\\\"Marco\\\", 50);\\n    map.put(\\\"Aaron\\\", 96);\\n    map.put(\\\"Taylor\\\", 100);\\n    Set<String> keys = map.keySet();\\n    ArrayList<String> list = new ArrayList<>();\\n    for (String k : keys) {\\n      if (map.get(k) >= 98) list.add(k);\\n    }\\n    Assert.assertEquals(list, Task.getBestScores(map));\\n  }\\n}\"\n            }\n          },\n          \"description_text\" : \"<html>\\n\\n<h2>Test Question 1: Test Scores</h2>\\n\\n<p>Your task is to write a method that finds the students who received an\\nA+ (98 or above) on their test. The method will take in a HashMap of key type String\\nand value type Integer and return an ArrayList of type String. The HashMap\\nrepresents the students' names and their corresponding test scores, and the returned\\nArrayList will be the list of the <b>names of students</b> that got a high grade.</p>\\n\\n<p>Preconditions:</p>\\n<ul>\\n    <li>All values are non-negative integers between 0 and 100</li>\\n    <li>All of the keys are valid student names</li>\\n</ul>\\n\\n<div class=\\\"hint\\\">You can get a Collection of the map's keys using the keySet() method.</div>\\n\\n</html>\",\n          \"description_format\" : \"HTML\",\n          \"feedback_link\" : {\n            \"link_type\" : \"STEPIK\"\n          },\n          \"task_type\" : \"edu\"\n        },\n        {\n          \"name\" : \"Edu Task 2\",\n          \"files\" : {\n            \"src/Task.java\" : {\n              \"name\" : \"src/Task.java\",\n              \"placeholders\" : [\n                {\n                  \"offset\" : 176,\n                  \"length\" : 26,\n                  \"possible_answer\" : \"HashMap<String, String> switched = new HashMap<>();\\n        Set<String> keys = original.keySet();\\n        for (String s : keys) {\\n            switched.put(original.get(s), s);\\n        }\\n        return switched;\",\n                  \"placeholder_text\" : \"/* Write your code here */\"\n                }\n              ],\n              \"is_visible\" : true,\n              \"text\" : \"import java.util.HashMap;\\nimport java.util.Set;\\n\\npublic class Task {\\n\\n    public static HashMap<String, String> switchKeysAndValues(HashMap<String, String> original) {\\n        /* Write your code here */\\n    }\\n\\n}\"\n            },\n            \"test/Tests.java\" : {\n              \"name\" : \"test/Tests.java\",\n              \"placeholders\" : [ ],\n              \"is_visible\" : false,\n              \"text\" : \"import org.junit.Assert;\\nimport org.junit.Test;\\n\\nimport java.util.HashMap;\\nimport java.util.Set;\\n\\npublic class Tests {\\n  @Test\\n  public void testSolution() {\\n    HashMap<String, String> original = new HashMap<>();\\n    original.put(\\\"AAA\\\", \\\"HHH\\\");\\n    original.put(\\\"BBB\\\", \\\"III\\\");\\n    original.put(\\\"CCC\\\", \\\"JJJ\\\");\\n    original.put(\\\"DDD\\\", \\\"KKK\\\");\\n    original.put(\\\"EEE\\\", \\\"LLL\\\");\\n    original.put(\\\"FFF\\\", \\\"MMM\\\");\\n    original.put(\\\"GGG\\\", \\\"NNN\\\");\\n    HashMap<String, String> switched = new HashMap<>();\\n    Set<String> keys = original.keySet();\\n    for (String s : keys) {\\n      switched.put(original.get(s), s);\\n    }\\n    Assert.assertEquals(switched, Task.switchKeysAndValues(original));\\n  }\\n}\"\n            }\n          },\n          \"description_text\" : \"<html>\\n\\n<h2>Test Question 2: Reverse Map</h2>\\n\\n<p>For this task, you will write a method that takes in a map and returns a\\nnew map with the original's keys and values switched. The map will have\\nkeys and values of type String.</p>\\n\\n<p>Ex. If the original map has an Entry of (\\\"AAA\\\", \\\"BBB\\\"), the corresponding\\nEntry in the new map will be (\\\"BBB\\\", \\\"AAA\\\").</p>\\n\\n<p>Preconditions:</p>\\n\\n<ul>\\n    <li>There will be no more than 1 null value in given HashMap.</li>\\n    <li>Each key/value will be a unique String, meaning there won't be\\n    any repeats across all the keys and values.</li>\\n</ul>\\n\\n</html>\",\n          \"description_format\" : \"HTML\",\n          \"feedback_link\" : {\n            \"link_type\" : \"STEPIK\"\n          },\n          \"task_type\" : \"edu\"\n        }\n      ],\n      \"type\" : \"lesson\"\n    }\n  ],\n  \"additional_files\" : [\n    {\n      \"name\" : \"build.gradle\",\n      \"placeholders\" : [ ],\n      \"is_visible\" : true,\n      \"text\" : \"buildscript {\\n    repositories {\\n        mavenCentral()\\n    }\\n}\\n\\ndef printOutput(def output) {\\n    return tasks.create(\\\"printOutput\\\") {\\n        println \\\"#educational_plugin_checker_version 1\\\"\\n        def separator = System.lineSeparator()\\n        def lines = output.toString().split(\\\"(?<=${separator})|(?=${separator})\\\")\\n        for (line in lines) {\\n            println \\\"#educational_plugin\\\" + line\\n        }\\n    }\\n}\\n\\nsubprojects {\\n    apply plugin: 'application'\\n    apply plugin: 'java'\\n\\n    sourceCompatibility = 1.8\\n\\n    repositories {\\n        mavenCentral()\\n    }\\n\\n    dependencies {\\n        testCompile group: 'junit', name: 'junit', version: '4.12'\\n    }\\n\\n    sourceSets {\\n        main {\\n            java.srcDir 'src'\\n        }\\n        test {\\n            java.srcDir 'test'\\n        }\\n    }\\n\\n    mainClassName = project.hasProperty(\\\"mainClass\\\") ? project.getProperty(\\\"mainClass\\\") : \\\"\\\"\\n\\n    if (project.hasProperty(\\\"educationalRun\\\") && \\\"true\\\".equalsIgnoreCase(project.getProperty(\\\"educationalRun\\\"))) {\\n        def runOutput = new ByteArrayOutputStream()\\n        tasks.run.setStandardOutput(runOutput)\\n        tasks.run.doLast { printOutput(runOutput) }\\n    }\\n}\\n\\nproject(':util') {\\n    dependencies {\\n        compile group: 'junit', name: 'junit', version: '4.12'\\n    }\\n}\\n\\nconfigure(subprojects.findAll { it.name != 'util' }) {\\n    dependencies {\\n        compile project(':util').sourceSets.main.output\\n        testCompile project(':util').sourceSets.test.output\\n    }\\n}\\n\"\n    }\n  ],\n  \"version\" : 11\n}"
    },
    {
      "name" : "build.gradle",
      "placeholders" : [ ],
      "is_visible" : true,
      "text" : "buildscript {\n    repositories {\n        mavenCentral()\n    }\n}\n\ndef printOutput(def output) {\n    return tasks.create(\"printOutput\") {\n        println \"#educational_plugin_checker_version 1\"\n        def separator = System.lineSeparator()\n        def lines = output.toString().split(\"(?<=${separator})|(?=${separator})\")\n        for (line in lines) {\n            println \"#educational_plugin\" + line\n        }\n    }\n}\n\nsubprojects {\n    apply plugin: 'application'\n    apply plugin: 'java'\n\n    sourceCompatibility = 1.8\n\n    repositories {\n        mavenCentral()\n    }\n\n    dependencies {\n        testCompile group: 'junit', name: 'junit', version: '4.12'\n    }\n\n    sourceSets {\n        main {\n            java.srcDir 'src'\n        }\n        test {\n            java.srcDir 'test'\n        }\n    }\n\n    mainClassName = project.hasProperty(\"mainClass\") ? project.getProperty(\"mainClass\") : \"\"\n\n    if (project.hasProperty(\"educationalRun\") && \"true\".equalsIgnoreCase(project.getProperty(\"educationalRun\"))) {\n        def runOutput = new ByteArrayOutputStream()\n        tasks.run.setStandardOutput(runOutput)\n        tasks.run.doLast { printOutput(runOutput) }\n    }\n}\n\nproject(':util') {\n    dependencies {\n        compile group: 'junit', name: 'junit', version: '4.12'\n    }\n}\n\nconfigure(subprojects.findAll { it.name != 'util' }) {\n    dependencies {\n        compile project(':util').sourceSets.main.output\n        testCompile project(':util').sourceSets.test.output\n    }\n}\n"
    }
  ],
  "version" : 11
}